time,temperature,gas,humidity,pressure,altitude,pm10standard,pm25standard,pm100standard,pm10env,pm25env,pm100 env,p03um,p05um,p10um,p25um,p50um,p100um
Wed Feb 18 16:20:25 2026,29.415156250000003,16839,100,703.9709521027954,2968.190806379079,0,1,1,0,1,1,96,32,10,4,0,0
Wed Feb 18 16:20:26 2026,39.98,10617,20.03977757843473,1008.2476770733662,41.731248863180575,0,1,1,0,1,1,96,32,10,4,0,0
Wed Feb 18 16:20:27 2026,40.0180859375,15952,19.946310022971492,1008.2435117608889,41.76606724437357,0,1,1,0,1,1,114,38,10,4,0,0
Wed Feb 18 16:20:28 2026,40.05890625,20377,19.821091370402463,1008.2348558014965,41.838423891567004,0,1,1,0,1,1,114,38,10,4,0,0
Wed Feb 18 16:20:29 2026,40.1153515625,25337,19.73428703927752,1008.228364685183,41.89268457467971,0,1,1,0,1,1,114,38,10,4,0,0
Wed Feb 18 16:20:30 2026,40.1751171875,29159,19.647734838488308,1008.230821875398,41.87214434259394,0,1,1,0,1,1,102,34,8,2,0,0
Wed Feb 18 16:20:31 2026,40.231953125,32691,19.566339836587442,1008.2302902626875,41.876588215087054,0,1,1,0,1,1,102,34,8,2,0,0
Wed Feb 18 16:20:32 2026,40.2743359375,35811,19.51061462639624,1008.229485199256,41.88331792844898,0,1,1,0,1,1,102,34,8,2,0,0
Wed Feb 18 16:20:33 2026,40.3137890625,38930,19.45470730523499,1008.2274855693365,41.90003332106291,0,1,1,0,1,1,102,34,8,2,0,0
Wed Feb 18 16:20:34 2026,40.353046875,41601,19.409433554326668,1008.2323050665789,41.85974601759319,0,1,1,0,1,1,102,34,8,2,0,0
Wed Feb 18 16:20:35 2026,40.3876171875,44352,19.379807062480772,1008.2312922382495,41.8682124732912,0,1,1,0,1,1,102,34,8,2,0,0
Wed Feb 18 16:20:36 2026,40.4243359375,48256,19.35563931168087,1008.230190124841,41.87742529051128,0,1,1,0,1,1,96,32,8,2,0,0
Wed Feb 18 16:20:37 2026,40.44171875,50632,19.330202007730286,1008.2298371821389,41.880375620737155,0,1,1,0,1,1,96,32,8,2,0,0
Wed Feb 18 16:20:38 2026,40.413984375,53382,19.482604147857025,1008.2240981309978,41.928349802890274,0,1,1,0,1,1,96,32,8,2,0,0
Wed Feb 18 16:20:39 2026,40.41125,55215,19.551614067494604,1008.2160859226633,41.99532625162803,0,1,1,0,1,1,90,30,8,2,0,0
Wed Feb 18 16:20:40 2026,40.3880078125,57701,19.66723694614126,1008.2033501730408,42.101789083438995,0,1,1,0,1,1,90,30,8,2,0,0
Wed Feb 18 16:20:41 2026,40.3270703125,59567,19.705798654155842,1008.1972645029309,42.15266183057243,0,1,1,0,1,1,90,30,8,2,0,0
Wed Feb 18 16:20:42 2026,40.2696484375,60921,19.925913969401915,1008.200443786902,42.126084790515165,0,1,1,0,1,1,96,30,8,2,0,0
Wed Feb 18 16:20:43 2026,40.2466015625,63184,20.30374836796612,1008.1933702460129,42.185215738000714,0,0,0,0,0,0,96,30,8,2,0,0
Wed Feb 18 16:20:44 2026,40.1977734375,64380,20.44493258586914,1008.1997733232504,42.13168948689858,0,0,0,0,0,0,96,30,8,2,0,0
Wed Feb 18 16:20:45 2026,40.1471875,66460,20.843652890894866,1008.2015238102207,42.117056413632035,0,0,0,0,0,0,90,26,4,0,0,0
Wed Feb 18 16:20:46 2026,40.1003125,68361,20.969304023658843,1008.2075051738592,42.06705577832569,0,0,0,0,0,0,90,26,4,0,0,0
Wed Feb 18 16:20:47 2026,40.031171875,69929,21.039687749929687,1008.2165753983693,41.991234565264875,0,0,0,0,0,0,90,26,4,0,0,0
Wed Feb 18 16:20:48 2026,39.951484375,71570,21.120094430129832,1008.2067006262092,42.073781303212954,0,0,0,0,0,0,189,32,4,0,0,0
Wed Feb 18 16:20:49 2026,39.8516796875,73595,21.08614465305136,1008.2140784660982,42.012107249709175,0,0,0,0,0,0,189,32,4,0,0,0
Wed Feb 18 16:20:50 2026,39.7329296875,74714,21.050884510247986,1008.2031078078031,42.10381511447483,0,0,0,0,0,0,189,32,4,0,0,0
Wed Feb 18 16:20:51 2026,39.5846875,76129,21.094149670011113,1008.1976534324117,42.14941059348184,0,0,0,0,0,0,258,34,4,0,0,0
Wed Feb 18 16:20:52 2026,39.4618359375,77599,21.235944870283138,1008.1941439712537,42.178747800225324,0,0,0,0,0,0,258,34,4,0,0,0
Wed Feb 18 16:20:53 2026,39.3973828125,78703,21.381972875616306,1008.1892247456998,42.21987001786917,0,0,0,0,0,0,258,34,4,0,0,0
Wed Feb 18 16:20:54 2026,39.25890625,80641,21.415130861356793,1008.1869473595383,42.23890786010858,0,0,0,0,0,0,258,34,4,0,0,0
Wed Feb 18 16:20:55 2026,39.1298046875,80788,21.492000962620388,1008.1837874678624,42.26532307751629,0,0,0,0,0,0,258,34,4,0,0,0
Wed Feb 18 16:20:56 2026,39.006171875,81911,21.720089976443084,1008.1858838287799,42.247798472646394,0,0,0,0,0,0,258,34,4,0,0,0
Wed Feb 18 16:20:57 2026,38.900703125,84172,21.906574033819165,1008.1853862800521,42.25195774655042,0,0,0,0,0,0,234,26,2,0,0,0
Wed Feb 18 16:20:58 2026,38.8223828125,84980,21.93324532437947,1008.1719963216556,42.36389214013664,0,0,0,0,0,0,234,26,2,0,0,0
Wed Feb 18 16:20:59 2026,38.7458203125,86392,21.782100161970625,1008.1578785469633,42.48191207405148,0,0,0,0,0,0,234,26,2,0,0,0
Wed Feb 18 16:21:00 2026,38.632734375,88026,21.795470194646477,1008.1306117457451,42.70985731534464,0,0,0,0,0,0,264,28,0,0,0,0
Wed Feb 18 16:21:01 2026,38.5329296875,89000,21.718248281037816,1008.1177890392335,42.81705441422306,0,0,0,0,0,0,264,28,0,0,0,0
Wed Feb 18 16:21:02 2026,38.410078125,90549,21.68787041049806,1008.1030209722386,42.940515984330744,0,0,0,0,0,0,264,28,0,0,0,0
Wed Feb 18 16:21:03 2026,38.2747265625,91866,21.753455479127673,1008.0927616121677,43.02628546479192,0,0,0,0,0,0,264,28,0,0,0,0
Wed Feb 18 16:21:04 2026,38.145234375,92928,21.797927887148994,1008.0848440375045,43.092477821618964,0,0,0,0,0,0,264,28,0,0,0,0
Wed Feb 18 16:21:05 2026,38.0387890625,97184,21.709570884007327,1008.0805752665689,43.12816569370978,0,0,0,0,0,0,264,28,0,0,0,0
Wed Feb 18 16:21:06 2026,37.9346875,98483,21.59999854211484,1008.0693969783736,43.22161924278236,0,0,0,0,0,0,294,36,0,0,0,0
Wed Feb 18 16:21:07 2026,37.86359375,98428,21.65936969987184,1008.0674646547875,43.23777408194376,0,0,0,0,0,0,294,36,0,0,0,0
Wed Feb 18 16:21:08 2026,37.7753125,100212,21.85192121919101,1008.0570768194402,43.32462011582054,0,0,0,0,0,0,294,36,0,0,0,0
Wed Feb 18 16:21:09 2026,37.6751171875,101594,21.882335024045467,1007.9970051831831,43.826854779313265,0,0,0,0,0,0,306,40,0,0,0,0
Wed Feb 18 16:21:10 2026,37.5774609375,102834,21.90754788758726,1007.9837258590727,43.937881110090075,0,0,0,0,0,0,306,40,0,0,0,0
Wed Feb 18 16:21:11 2026,37.4739453125,104536,21.88393585027992,1007.9679702865876,44.06961249848845,0,0,0,0,0,0,306,40,0,0,0,0
Wed Feb 18 16:21:12 2026,37.379609375,105534,21.82876145623749,1007.9582428818403,44.15094357354803,0,0,0,0,0,0,318,44,0,0,0,0
Wed Feb 18 16:21:13 2026,37.2848828125,107197,21.816571385090718,1007.9425076183968,44.28250785136703,0,0,0,0,0,0,318,44,0,0,0,0
Wed Feb 18 16:21:14 2026,37.2079296875,107654,21.83251931901262,1007.9361588744101,44.335590872806705,0,0,0,0,0,0,318,44,0,0,0,0
Wed Feb 18 16:21:15 2026,37.1290234375,108779,21.86443656793712,1007.921268329322,44.46009453354671,0,0,0,0,0,0,318,46,0,0,0,0
Wed Feb 18 16:21:16 2026,37.0235546875,110134,21.93741106096898,1007.9199049547407,44.471494131987164,0,0,0,0,0,0,318,46,0,0,0,0
Wed Feb 18 16:21:17 2026,36.98703125,110409,21.977758669594927,1007.9154329454842,44.508886078358096,0,0,0,0,0,0,318,46,0,0,0,0
Wed Feb 18 16:21:18 2026,36.9708203125,110685,22.110991803043014,1007.9156506354257,44.507065897748724,0,0,0,0,0,0,219,40,2,0,0,0
Wed Feb 18 16:21:19 2026,36.96671875,112444,22.229077046549385,1007.9196230633189,44.47385111529677,0,0,0,0,0,0,219,40,2,0,0,0
Wed Feb 18 16:21:20 2026,36.9692578125,113527,22.17005767093622,1007.9326476408247,44.36494906180339,0,0,0,0,0,0,219,40,2,0,0,0
Wed Feb 18 16:21:21 2026,36.976484375,114113,22.06300175759783,1007.9231102078562,44.44469403472728,0,0,0,0,0,0,138,34,2,0,0,0
Wed Feb 18 16:21:22 2026,36.996796875,114482,21.973090835003212,1007.9189192237828,44.479736142541796,0,0,0,0,0,0,138,34,2,0,0,0
Wed Feb 18 16:21:23 2026,37.002265625,114631,22.24244100537851,1007.9136216233248,44.524031179383734,0,0,0,0,0,0,138,34,2,0,0,0
Wed Feb 18 16:21:24 2026,36.9735546875,115078,22.47204430484556,1007.9076717995923,44.57377990131372,0,0,0,0,0,0,156,38,2,0,0,0
Wed Feb 18 16:21:25 2026,36.953828125,116518,22.492162368231465,1007.9039324517553,44.605046121645664,0,0,0,0,0,0,156,38,2,0,0,0
Wed Feb 18 16:21:26 2026,36.9641796875,117681,22.428218002952566,1007.9101521655568,44.55304059639701,0,0,0,0,0,0,156,38,2,0,0,0
Wed Feb 18 16:21:27 2026,36.97765625,118549,22.332200566479194,1007.9125833182319,44.53271282303938,0,0,0,0,0,0,180,46,2,0,0,0
Wed Feb 18 16:21:28 2026,37.0110546875,119268,22.23769882431256,1007.9226225851013,44.44877119260501,0,0,0,0,0,0,180,46,2,0,0,0
Wed Feb 18 16:21:29 2026,37.037421875,120241,22.169642260882576,1007.9211927935979,44.46072611087823,0,0,0,0,0,0,180,46,2,0,0,0
Wed Feb 18 16:21:30 2026,37.0614453125,120734,22.176775370463318,1007.9177152490796,44.48980296743437,0,0,0,0,0,0,138,40,2,0,0,0
Wed Feb 18 16:21:31 2026,37.0731640625,121480,22.150718749618513,1007.9154977072299,44.508344583056875,0,0,0,0,0,0,138,40,2,0,0,0
Wed Feb 18 16:21:32 2026,37.0907421875,121647,22.11971115842153,1007.912170064839,44.53616818583423,0,0,0,0,0,0,138,40,2,0,0,0
Wed Feb 18 16:21:33 2026,37.117109375,122915,22.110867643451954,1007.9160616725567,44.50362907553792,0,0,0,0,0,0,156,46,2,0,0,0
Wed Feb 18 16:21:34 2026,37.15265625,123602,22.048893720662505,1007.9118114299833,44.539166863984654,0,0,0,0,0,0,156,46,2,0,0,0
Wed Feb 18 16:21:35 2026,37.2079296875,124123,22.095948535630875,1007.9183842977538,44.48420883220973,0,0,0,0,0,0,156,46,2,0,0,0
Wed Feb 18 16:21:36 2026,37.2505078125,124648,22.08290050139531,1007.9184702692818,44.48348999631163,0,0,0,0,0,0,156,46,2,0,0,0
Wed Feb 18 16:21:38 2026,37.2798046875,125443,22.05812451608327,1007.9146757363616,44.515217367213985,0,0,0,0,0,0,156,46,2,0,0,0
Wed Feb 18 16:21:39 2026,37.306171875,125800,22.07618409405673,1007.9185456536169,44.48285968341285,0,0,0,0,0,0,156,46,2,0,0,0
Wed Feb 18 16:21:40 2026,37.33390625,126159,22.072818477960798,1007.9104187598854,44.55081149994584,0,0,0,0,0,0,156,46,6,2,0,0
Wed Feb 18 16:21:41 2026,37.36359375,127892,22.150350953944137,1007.932139083933,44.369201223641106,0,0,0,0,0,0,156,46,6,2,0,0
Wed Feb 18 16:21:42 2026,37.39875,128077,22.346942226934157,1007.9307671551604,44.38067224619644,0,0,0,0,0,0,156,46,6,2,0,0
Wed Feb 18 16:21:43 2026,37.449921875,125354,22.6693265362567,1007.9359315289545,44.33749175518572,0,0,0,0,0,0,138,42,6,2,0,0
Wed Feb 18 16:21:44 2026,37.5044140625,125354,23.079527330052393,1007.9269346912691,44.412716454696834,0,0,0,0,0,0,138,42,6,2,0,0
Wed Feb 18 16:21:45 2026,37.5508984375,125354,23.37623488789381,1007.9191014094441,44.47821282969852,0,0,0,0,0,0,138,42,6,2,0,0
Wed Feb 18 16:21:46 2026,37.60265625,127985,23.396504422800554,1007.9145138827053,44.51657068243669,0,0,0,0,0,0,132,40,6,2,0,0
Wed Feb 18 16:21:47 2026,37.6583203125,127615,23.150869922028647,1007.9180562019369,44.48695214848435,0,0,0,0,0,0,132,40,6,2,0,0
Wed Feb 18 16:21:48 2026,37.7122265625,129579,22.921726258387512,1007.9169423602133,44.49626534827411,0,0,0,0,0,0,132,40,6,2,0,0
Wed Feb 18 16:21:49 2026,37.772578125,129674,22.6014141643383,1007.9156406015387,44.507149794529845,0,0,0,0,0,0,144,42,4,2,0,0
Wed Feb 18 16:21:50 2026,37.8278515625,130151,22.410943095761947,1007.9167250309424,44.498082511306194,0,0,0,0,0,0,144,42,4,2,0,0
Wed Feb 18 16:21:51 2026,37.86671875,130728,22.295022158092056,1007.9195414194792,44.47453376535781,0,0,0,0,0,0,144,42,4,2,0,0
Wed Feb 18 16:21:52 2026,37.916328125,132194,22.16917661768015,1007.9167155321976,44.49816193350911,0,0,0,0,0,0,132,38,4,2,0,0
Wed Feb 18 16:21:53 2026,37.9778515625,132491,21.99579103716746,1007.9243832706687,44.4340495880659,0,0,0,0,0,0,132,38,4,2,0,0
Wed Feb 18 16:21:54 2026,38.047578125,132989,21.817783323836164,1007.9275962631452,44.40718487638546,0,0,0,0,0,0,132,38,4,2,0,0
Wed Feb 18 16:21:55 2026,38.1028515625,132789,21.68729175908168,1007.9250524974641,44.428453993487814,0,0,0,0,0,0,132,40,8,2,0,0
Wed Feb 18 16:21:56 2026,38.1466015625,133390,21.652799159271144,1007.925091807242,44.428125313407264,0,1,1,0,1,1,132,40,8,2,0,0
Wed Feb 18 16:21:57 2026,38.1973828125,133289,21.731739812815686,1007.9169887257111,44.49587767081147,0,1,1,0,1,1,132,40,8,2,0,0
Wed Feb 18 16:21:58 2026,38.2520703125,135536,21.816410997602723,1007.9063304694162,44.58499530203827,0,1,1,0,1,1,114,32,8,2,0,0
Wed Feb 18 16:21:59 2026,38.3079296875,134200,21.82583438112129,1007.9064663556819,44.58385910180347,0,1,1,0,1,1,114,32,8,2,0,0
Wed Feb 18 16:22:00 2026,38.347578125,134916,21.71565571769149,1007.910470004183,44.55038302695966,0,1,1,0,1,1,114,32,8,2,0,0
Wed Feb 18 16:22:01 2026,38.3981640625,135019,21.590197268704973,1007.9198050328504,44.47232961044457,0,1,1,0,1,1,144,42,10,2,0,0
Wed Feb 18 16:22:02 2026,38.4481640625,136478,21.588404491799864,1007.9174913205937,44.49167530756018,0,1,1,0,1,1,144,42,10,2,0,0
Wed Feb 18 16:22:03 2026,38.478828125,135744,21.579847880928284,1007.9050682255322,44.59554944152005,0,1,1,0,1,1,144,42,10,2,0,0
Wed Feb 18 16:22:04 2026,38.5087109375,137112,21.47447430944774,1007.9109587340083,44.54629657264627,0,1,1,0,1,1,132,38,10,2,0,0
Wed Feb 18 16:22:05 2026,38.5442578125,138184,21.35345941599403,1007.9189389151435,44.47957149673858,0,1,1,0,1,1,132,38,10,2,0,0
Wed Feb 18 16:22:06 2026,38.5899609375,138943,21.292279771188934,1007.9167236644295,44.4980939371786,0,0,0,0,0,0,132,38,10,2,0,0
Wed Feb 18 16:22:07 2026,38.6364453125,139381,21.14534200984858,1007.9086445158665,44.56564663714723,0,0,0,0,0,0,132,38,14,2,0,0
Wed Feb 18 16:22:08 2026,38.6751171875,140266,21.05692401140047,1007.909219997508,44.560834811306684,0,0,0,0,0,0,132,38,14,2,0,0
Wed Feb 18 16:22:09 2026,38.713984375,140824,20.984631106926678,1007.910106427817,44.5534230270598,0,0,0,0,0,0,132,38,14,2,0,0
Wed Feb 18 16:22:10 2026,38.7551953125,140936,20.81081905616812,1007.9023277186957,44.618463981470846,0,0,0,0,0,0,132,38,10,0,0,0
Wed Feb 18 16:22:11 2026,38.7981640625,141387,20.696119582140483,1007.900963231868,44.62987305335298,0,0,0,0,0,0,132,38,10,0,0,0
Wed Feb 18 16:22:12 2026,38.838203125,142526,20.624042561346343,1007.8966062486943,44.66630378132641,0,0,0,0,0,0,132,38,10,0,0,0
Wed Feb 18 16:22:13 2026,38.86671875,142182,20.561882022545202,1007.9002262141075,44.636035586790086,0,0,0,0,0,0,144,42,10,0,0,0
Wed Feb 18 16:22:14 2026,38.8942578125,142526,20.51035597358831,1007.9093822537698,44.55947812399266,0,0,0,0,0,0,144,42,10,0,0,0
Wed Feb 18 16:22:15 2026,38.927265625,143684,20.400494943176724,1007.9078278226193,44.57247533086046,0,0,0,0,0,0,144,42,10,0,0,0
Wed Feb 18 16:22:16 2026,38.956171875,143567,20.338433943835973,1007.9102902384061,44.55188611679308,0,0,0,0,0,0,168,48,12,0,0,0
Wed Feb 18 16:22:17 2026,38.9727734375,144388,20.32889561950427,1007.9087766424979,44.564541874795054,0,0,0,0,0,0,168,48,12,0,0,0
Wed Feb 18 16:22:18 2026,38.9985546875,144270,20.34666061963344,1007.9114976736366,44.54179029709954,0,0,0,0,0,0,168,48,12,0,0,0
Wed Feb 18 16:22:19 2026,39.0337109375,144980,20.263700255142368,1007.9080741254542,44.57041589543544,0,0,0,0,0,0,156,46,14,0,0,0
Wed Feb 18 16:22:20 2026,39.0610546875,144388,20.244226513309634,1007.9115466820426,44.541380519610264,0,0,0,0,0,0,156,46,14,0,0,0
Wed Feb 18 16:22:21 2026,39.0809765625,144270,20.34161184875923,1007.9189892802282,44.47915037807304,0,0,0,0,0,0,156,46,14,0,0,0
Wed Feb 18 16:22:22 2026,39.1059765625,144861,20.4447656576318,1007.9311232302706,44.37769501635189,0,0,0,0,0,0,168,50,14,0,0,0
Wed Feb 18 16:22:23 2026,39.1301953125,144861,20.5105417499548,1007.947332687753,44.24216473608704,0,0,0,0,0,0,168,50,14,0,0,0
Wed Feb 18 16:22:24 2026,39.156171875,145218,20.576478628680338,1007.9574855428863,44.15727573020341,0,0,0,0,0,0,168,50,14,0,0,0
Wed Feb 18 16:22:25 2026,39.1524609375,146663,20.469323002482678,1007.9603646551682,44.13320331934335,0,0,0,0,0,0,150,44,10,0,0,0
Wed Feb 18 16:22:26 2026,39.1534375,146906,20.35723488910919,1007.9673007108307,44.075210817817364,0,0,0,0,0,0,150,44,10,0,0,0
Wed Feb 18 16:22:27 2026,39.16828125,145576,20.272855472981117,1007.9682628550439,44.067166336132686,0,0,0,0,0,0,150,44,10,0,0,0
Wed Feb 18 16:22:28 2026,39.1895703125,147273,20.306323033227386,1007.9565282194428,44.16527997474187,0,0,0,0,0,0,162,48,10,0,0,0
Wed Feb 18 16:22:29 2026,39.2118359375,147028,20.29716680433875,1007.9463785908482,44.25014206837303,0,0,0,0,0,0,162,48,10,0,0,0
Wed Feb 18 16:22:30 2026,39.233125,145337,20.49089541370065,1007.9435527236483,44.27376955922101,0,0,0,0,0,0,162,48,10,0,0,0
Wed Feb 18 16:22:31 2026,39.267109375,144270,20.878636970942605,1007.9364034089868,44.33354626901914,0,0,0,0,0,0,132,38,8,0,0,0
Wed Feb 18 16:22:32 2026,39.30890625,145456,21.101536206327875,1007.9312504631916,44.37663119142828,0,0,0,0,0,0,132,38,8,0,0,0
Wed Feb 18 16:22:33 2026,39.342890625,145456,21.136159022585794,1007.9276542260128,44.40670023358062,0,0,0,0,0,0,132,38,8,0,0,0
Wed Feb 18 16:22:34 2026,39.363203125,145337,21.15908317992638,1007.9285766023489,44.39898800512086,0,0,0,0,0,0,132,38,8,0,0,0
Wed Feb 18 16:22:35 2026,39.3805859375,144742,21.18717971805372,1007.9283013593968,44.40128938243737,0,0,0,0,0,0,132,38,8,0,0,0
Wed Feb 18 16:22:36 2026,39.401875,145576,21.177939983961327,1007.9272409906075,44.41015540414196,0,0,0,0,0,0,132,38,8,0,0,0
Wed Feb 18 16:22:37 2026,39.4266796875,144506,21.437896676348885,1007.9283261494207,44.40108210663139,0,0,0,0,0,0,126,38,4,0,0,0
Wed Feb 18 16:22:38 2026,39.4262890625,143567,21.79907622059113,1007.9259077846857,44.42130269942863,0,0,0,0,0,0,126,38,4,0,0,0
Wed Feb 18 16:22:39 2026,39.442109375,144388,22.0487726086873,1007.9337884459178,44.355410532794956,0,0,0,0,0,0,126,38,4,0,0,0
Wed Feb 18 16:22:40 2026,39.4731640625,143801,22.04564331104538,1007.9307596016146,44.38073540322235,0,0,0,0,0,0,126,38,4,0,0,0
Wed Feb 18 16:22:41 2026,39.5071484375,142987,22.037320282553257,1007.939622176691,44.3066335290142,0,0,0,0,0,0,126,38,4,0,0,0
Wed Feb 18 16:22:42 2026,39.534296875,142297,22.17459811910464,1007.9284517263301,44.40003212566496,0,0,0,0,0,0,126,38,4,0,0,0
Wed Feb 18 16:22:43 2026,39.5704296875,142641,22.51337096883318,1007.9283103434254,44.401214264647685,0,0,0,0,0,0,132,34,4,0,0,0
Wed Feb 18 16:22:44 2026,39.60734375,143801,22.689938393644585,1007.9258647007622,44.42166293596345,0,0,0,0,0,0,132,34,4,0,0,0
Wed Feb 18 16:22:45 2026,39.6508984375,142987,22.568257669995457,1007.9449075549169,44.262441609232646,0,0,0,0,0,0,132,34,4,0,0,0
Wed Feb 18 16:22:46 2026,39.6633984375,142526,22.656115589953217,1007.9348911158885,44.3461908684615,0,0,0,0,0,0,126,34,2,0,0,0
Wed Feb 18 16:22:47 2026,39.6958203125,141840,22.767291087642253,1007.9447560197544,44.26370861712938,0,0,0,0,0,0,126,34,2,0,0,0
Wed Feb 18 16:22:48 2026,39.7251171875,142068,22.96001037959617,1007.9370498240671,44.32814146178602,0,0,0,0,0,0,126,34,2,0,0,0
Wed Feb 18 16:22:49 2026,39.7579296875,142987,23.218756332408425,1007.943972577054,44.2702590998206,0,0,0,0,0,0,144,40,2,0,0,0
Wed Feb 18 16:22:50 2026,39.80265625,143918,23.315006364931396,1007.9577569232242,44.15500670239111,0,0,0,0,0,0,144,40,2,0,0,0
Wed Feb 18 16:22:51 2026,39.8508984375,143103,23.31326824729088,1008.0004448024401,43.798096859268036,0,0,0,0,0,0,144,40,2,0,0,0
Wed Feb 18 16:22:52 2026,39.8755078125,140712,23.397123941523922,1007.992241599962,43.86668220976635,0,0,0,0,0,0,156,40,2,0,0,0
Wed Feb 18 16:22:53 2026,39.890546875,141387,23.513110761716113,1007.9809805092951,43.960834693551824,0,0,0,0,0,0,156,40,2,0,0,0
Wed Feb 18 16:22:54 2026,39.9184765625,141387,23.526224383734924,1007.9638873991053,44.10374954573507,0,0,0,0,0,0,156,40,2,0,0,0
Wed Feb 18 16:22:55 2026,39.95421875,142411,23.364960319360467,1007.9416312260718,44.28983551340789,0,0,0,0,0,0,162,42,4,0,0,0
Wed Feb 18 16:22:57 2026,39.9942578125,143219,23.198722111562326,1007.9317007282353,44.37286641844699,0,0,0,0,0,0,162,42,4,0,0,0
Wed Feb 18 16:22:58 2026,40.0368359375,143335,23.03284021455575,1007.9419509737438,44.28716204932744,0,0,0,0,0,0,162,42,4,0,0,0
Wed Feb 18 16:22:59 2026,40.0801953125,143567,23.01979393693764,1007.9356112061855,44.34017004070529,0,0,0,0,0,0,156,42,6,0,0,0
Wed Feb 18 16:23:00 2026,40.1235546875,144035,22.85957625852646,1007.9346178201009,44.34847595343858,0,0,0,0,0,0,156,42,6,0,0,0
Wed Feb 18 16:23:01 2026,40.172578125,143219,22.781594320943135,1007.9267444816699,44.4143068482576,0,0,0,0,0,0,156,42,6,0,0,0
Wed Feb 18 16:23:02 2026,40.2231640625,143103,22.79632096693041,1007.9267526475337,44.41423857127179,0,0,0,0,0,0,168,46,6,0,0,0
Wed Feb 18 16:23:03 2026,40.263984375,142068,22.87025111753905,1007.9394640598227,44.30795557313809,0,0,0,0,0,0,168,46,6,0,0,0
Wed Feb 18 16:23:04 2026,40.288203125,144035,22.850292793023485,1007.9359295844208,44.337508013836654,0,0,0,0,0,0,168,46,6,0,0,0
Wed Feb 18 16:23:05 2026,40.30578125,143451,22.780796812825997,1007.9216107732107,44.457231255770026,0,0,0,0,0,0,192,54,8,2,0,0
Wed Feb 18 16:23:06 2026,40.3305859375,143567,22.65199358486593,1007.9190220174077,44.47887665199415,0,1,1,0,1,1,192,54,8,2,0,0
Wed Feb 18 16:23:07 2026,40.3659375,143335,22.556716876608917,1007.9210507505536,44.46191377639086,0,1,1,0,1,1,192,54,8,2,0,0
Wed Feb 18 16:23:08 2026,40.4005078125,143801,22.58107800235492,1007.923591734043,44.440667853622266,0,1,1,0,1,1,192,50,10,2,0,0
Wed Feb 18 16:23:09 2026,40.4360546875,143918,22.529350075022716,1007.9259265589324,44.42114572279184,0,0,0,0,0,0,192,50,10,2,0,0
Wed Feb 18 16:23:10 2026,40.4563671875,143918,22.45474150923798,1007.9303202758309,44.38440871321636,0,0,0,0,0,0,192,50,10,2,0,0
Wed Feb 18 16:23:11 2026,40.474921875,144980,22.407206845128588,1007.9282866066732,44.401412733778116,0,0,0,0,0,0,210,50,10,2,0,0
Wed Feb 18 16:23:12 2026,40.4887890625,144624,22.359334034286842,1007.9275741195452,44.40737002486459,0,0,0,0,0,0,210,50,10,2,0,0
Wed Feb 18 16:23:13 2026,40.52609375,145576,22.19919029462395,1007.9738347497888,44.02057988164723,0,0,0,0,0,0,210,50,10,2,0,0
Wed Feb 18 16:23:14 2026,40.5315625,146663,21.890542721234993,1007.9523426653004,44.20027574166792,0,0,0,0,0,0,204,54,10,2,0,0
Wed Feb 18 16:23:15 2026,40.528046875,148510,21.52788094078518,1007.9394909126079,44.30773105206889,0,0,0,0,0,0,204,54,10,2,0,0
Wed Feb 18 16:23:16 2026,40.4887890625,148385,21.163618783256343,1007.9400780534188,44.302821861048926,0,1,1,0,1,1,204,54,10,2,0,0
Wed Feb 18 16:23:17 2026,40.4348828125,148510,20.917598772465094,1007.9293826818936,44.392248169062256,0,1,1,0,1,1,198,52,12,2,0,0
Wed Feb 18 16:23:18 2026,40.364375,150917,20.66019027152824,1007.9167282244182,44.49805580957596,0,1,1,0,1,1,198,52,12,2,0,0
Wed Feb 18 16:23:19 2026,40.3346875,151954,20.41687256017971,1007.9042505318903,44.602386519574885,0,1,1,0,1,1,198,52,12,2,0,0
Wed Feb 18 16:23:20 2026,40.345234375,151434,20.251643811001173,1007.8981563922578,44.653342307777436,0,0,0,0,0,0,198,52,14,2,0,0
Wed Feb 18 16:23:21 2026,40.3591015625,152874,20.124242960681514,1007.9045954183947,44.5995027789185,0,0,0,0,0,0,198,52,14,2,0,0
Wed Feb 18 16:23:22 2026,40.37609375,154882,19.90106494958541,1007.9089630167342,44.56298352723211,0,0,0,0,0,0,198,52,14,2,0,0
Wed Feb 18 16:23:23 2026,40.4024609375,153804,19.758809083198333,1007.9285483719835,44.39922404646404,0,0,0,0,0,0,192,54,16,2,0,0
Wed Feb 18 16:23:24 2026,40.4034375,152347,19.84954370169319,1007.9212034410912,44.46063708391993,0,0,0,0,0,0,192,54,16,2,0,0
Wed Feb 18 16:23:25 2026,40.4020703125,152742,19.96153770158481,1007.9082677891159,44.56879659724269,0,0,0,0,0,0,192,54,16,2,0,0
Wed Feb 18 16:23:26 2026,40.395234375,153271,19.907691439202438,1007.9043149979022,44.60184749216028,0,0,0,0,0,0,186,52,16,2,0,0
Wed Feb 18 16:23:27 2026,40.3940625,151954,20.057141334864784,1007.9041986835703,44.60282004518338,0,0,0,0,0,0,186,52,16,2,0,0
Wed Feb 18 16:23:28 2026,40.3911328125,153006,20.31900891827208,1007.8958708201783,44.672453047905506,0,0,0,0,0,0,186,52,16,2,0,0
Wed Feb 18 16:23:29 2026,40.38703125,151824,20.4687024930113,1007.8963566713034,44.668390615840586,0,0,0,0,0,0,186,52,14,2,0,0
Wed Feb 18 16:23:30 2026,40.3946484375,151175,20.630100805646507,1007.899791788814,44.639668011682176,0,0,0,0,0,0,186,52,14,2,0,0
Wed Feb 18 16:23:31 2026,40.39796875,151434,20.716207781878882,1007.9069677486091,44.57966675305693,0,0,0,0,0,0,186,52,14,2,0,0
Wed Feb 18 16:23:32 2026,40.3762890625,150789,20.886596199541273,1007.9003502225418,44.634998696837144,0,0,0,0,0,0,186,50,14,2,0,0
Wed Feb 18 16:23:33 2026,40.3540234375,150789,20.928037241148736,1007.8963515744113,44.66843323336704,0,0,0,0,0,0,186,50,14,2,0,0
Wed Feb 18 16:23:34 2026,40.31046875,150789,20.844357017218663,1007.8970768329071,44.66236900546826,0,0,0,0,0,0,186,50,14,2,0,0
Wed Feb 18 16:23:35 2026,40.2938671875,151046,20.85931108242699,1007.8969105156546,44.66375966204041,0,0,0,0,0,0,180,46,12,0,0,0
Wed Feb 18 16:23:36 2026,40.2821484375,151954,20.874608434410625,1007.8939562138423,44.688461996469684,0,0,0,0,0,0,180,46,12,0,0,0
Wed Feb 18 16:23:37 2026,40.2594921875,150532,20.899886225819216,1007.8839574872455,44.77206658023419,0,0,0,0,0,0,180,46,12,0,0,0
Wed Feb 18 16:23:38 2026,40.2594921875,151305,21.01816953263232,1007.8982427429632,44.6526202897182,0,0,0,0,0,0,162,44,10,0,0,0
Wed Feb 18 16:23:39 2026,40.257734375,152874,21.023424254725978,1007.8971743935364,44.661553255363586,0,0,0,0,0,0,162,44,10,0,0,0
Wed Feb 18 16:23:40 2026,40.220234375,153938,20.78432785634932,1007.8916412248312,44.707818770898825,0,0,0,0,0,0,162,44,10,0,0,0
Wed Feb 18 16:23:41 2026,40.194453125,154476,20.557218989470044,1007.8926322533939,44.6995322838141,0,0,0,0,0,0,156,48,12,0,0,0
Wed Feb 18 16:23:42 2026,40.1675,154746,20.400011230832725,1007.8863610190924,44.751969331774234,0,0,0,0,0,0,156,48,12,0,0,0
Wed Feb 18 16:23:43 2026,40.146796875,156112,20.296913400580557,1007.8866652429169,44.74942555223741,0,0,0,0,0,0,156,48,12,0,0,0
Wed Feb 18 16:23:44 2026,40.1411328125,156665,20.162860757412634,1007.891750442849,44.70690554392844,0,0,0,0,0,0,156,48,12,0,0,0
Wed Feb 18 16:23:45 2026,40.12765625,157083,20.039091936022935,1007.8930753914825,44.69582698603517,0,0,0,0,0,0,156,48,12,0,0,0
Wed Feb 18 16:23:46 2026,40.1106640625,156250,19.9578847352712,1007.8833345890924,44.777274979776536,0,0,0,0,0,0,156,48,12,0,0,0
Wed Feb 18 16:23:47 2026,40.11359375,157083,19.947411454596093,1007.8827363460828,44.78227722633592,0,0,0,0,0,0,138,42,10,0,0,0
Wed Feb 18 16:23:48 2026,40.1003125,156804,19.96785796807935,1007.8772359712694,44.82826906904419,0,0,0,0,0,0,138,42,10,0,0,0
Wed Feb 18 16:23:49 2026,40.0899609375,157502,20.04187948842698,1007.8836334525135,44.77477601537718,0,0,0,0,0,0,138,42,10,0,0,0
Wed Feb 18 16:23:50 2026,40.0766796875,156943,20.056996748571407,1007.8870576318444,44.74614457761947,0,0,0,0,0,0,138,40,6,0,0,0
Wed Feb 18 16:23:51 2026,40.0661328125,157362,20.034928878360347,1007.8806404563885,44.79980215883796,0,0,0,0,0,0,138,40,6,0,0,0
Wed Feb 18 16:23:52 2026,40.06515625,158490,19.922811093800906,1007.8790545169454,44.813063125226314,0,0,0,0,0,0,138,40,6,0,0,0
Wed Feb 18 16:23:53 2026,40.085859375,157502,19.849550140158236,1007.8858986494564,44.755835454964654,0,0,0,0,0,0,138,40,6,0,0,0
Wed Feb 18 16:23:54 2026,40.1096875,158917,19.867144345193573,1007.8746077263609,44.850245429782156,0,0,0,0,0,0,138,40,6,0,0,0
Wed Feb 18 16:23:55 2026,40.1204296875,158207,19.79856491656241,1007.875984424429,44.83873401070383,0,0,0,0,0,0,138,40,6,0,0,0
Wed Feb 18 16:23:56 2026,40.119453125,158490,19.76119834054895,1007.8779691660275,44.82213838819022,0,0,1,0,0,1,144,42,8,2,2,2
Wed Feb 18 16:23:57 2026,40.1223828125,159491,19.772050720398372,1007.8720149109539,44.87192558829467,0,0,1,0,0,1,144,42,8,2,2,2
Wed Feb 18 16:23:58 2026,40.134296875,158348,19.740879353660922,1007.8717232699227,44.87436418500042,0,0,1,0,0,1,144,42,8,2,2,2
Wed Feb 18 16:23:59 2026,40.1333203125,159491,19.68755056282163,1007.8683521721186,44.90255212570905,0,0,1,0,0,1,138,40,8,2,2,2
Wed Feb 18 16:24:00 2026,40.13703125,158775,19.70377489202931,1007.8672368277496,44.91187826200793,0,0,1,0,0,1,138,40,8,2,2,2
Wed Feb 18 16:24:01 2026,40.1489453125,159203,19.741857810048714,1007.8723003644145,44.869538730366024,0,0,1,0,0,1,138,40,8,2,2,2
Wed Feb 18 16:24:02 2026,40.169453125,159779,19.684632713549735,1007.8752491727187,44.844881900775086,0,0,1,0,0,1,132,40,8,2,2,2
Wed Feb 18 16:24:03 2026,40.1942578125,160068,19.537237215609434,1007.8673183844314,44.911196312047146,0,0,1,0,0,1,132,40,8,2,2,2
Wed Feb 18 16:24:04 2026,40.2190625,159347,19.554842296650552,1007.8736685401328,44.85809855064993,0,0,1,0,0,1,132,40,8,2,2,2
Wed Feb 18 16:24:05 2026,40.2137890625,157362,19.783496325741364,1007.8758194742031,44.84011326029767,0,0,1,0,0,1,108,34,8,2,2,2
Wed Feb 18 16:24:06 2026,40.20734375,156943,20.06050870695146,1007.8707109386075,44.88282893734589,0,0,1,0,0,1,108,34,8,2,2,2
Wed Feb 18 16:24:07 2026,40.196015625,158065,20.257489475436405,1007.8737435213899,44.857471585450924,0,0,1,0,0,1,108,34,8,2,2,2
Wed Feb 18 16:24:08 2026,40.194453125,158917,20.203909252292583,1007.8747774372159,44.848826372281074,0,0,2,0,0,2,114,36,8,2,2,2
Wed Feb 18 16:24:09 2026,40.204609375,157502,20.220642210881106,1007.8751987292369,44.84530368977001,0,0,2,0,0,2,114,36,8,2,2,2
Wed Feb 18 16:24:10 2026,40.1887890625,159203,20.224909502973816,1007.8852207457095,44.76150377829998,0,0,2,0,0,2,114,36,8,2,2,2
Wed Feb 18 16:24:11 2026,40.1762890625,160358,20.127846919207812,1007.8881346026837,44.737139451181484,0,0,1,0,0,1,90,28,6,2,2,2
Wed Feb 18 16:24:12 2026,40.167890625,160504,20.07385699835445,1007.876282852205,44.83623867424615,0,0,0,0,0,0,90,28,6,2,2,2
Wed Feb 18 16:24:13 2026,40.1825390625,159779,20.106900596638642,1007.8768578059647,44.83143113724191,0,0,0,0,0,0,90,28,6,2,2,2
Wed Feb 18 16:24:14 2026,40.208125,158632,20.17276630505661,1007.8844780651531,44.76771373944692,0,0,0,0,0,0,90,28,6,2,2,2
Wed Feb 18 16:24:16 2026,40.21203125,160358,20.178377784899546,1007.8765364161579,44.83411847201376,0,0,0,0,0,0,90,28,6,2,2,2
Wed Feb 18 16:24:17 2026,40.2098828125,159634,20.092730045621114,1007.8784046111231,44.818497372445414,0,0,0,0,0,0,90,28,6,2,2,2
Wed Feb 18 16:24:18 2026,40.214375,159347,20.082350864929815,1007.8910551275394,44.712719427551484,0,0,1,0,0,1,114,34,6,2,2,2
Wed Feb 18 16:24:19 2026,40.2001171875,160213,20.086725383260852,1007.9054002357684,44.592773366548,0,0,1,0,0,1,114,34,6,2,2,2
Wed Feb 18 16:24:20 2026,40.1753125,159491,20.031638940074856,1007.8972614692113,44.660825174923374,0,0,1,0,0,1,114,34,6,2,2,2
Wed Feb 18 16:24:21 2026,40.1524609375,160649,20.110200446580066,1007.894077392101,44.68744876577614,0,0,1,0,0,1,144,40,8,2,2,2
Wed Feb 18 16:24:22 2026,40.129609375,159923,20.11933276887812,1007.8926764329731,44.69916287633998,0,0,1,0,0,1,144,40,8,2,2,2
Wed Feb 18 16:24:23 2026,40.1091015625,160795,20.133966315106935,1007.9004350090258,44.634289759205,0,0,2,0,0,2,144,40,8,2,2,2
Wed Feb 18 16:24:24 2026,40.0966015625,159779,20.202583579921267,1007.8944175383145,44.6846046374271,0,0,2,0,0,2,150,42,8,2,2,2
Wed Feb 18 16:24:25 2026,40.0833203125,160649,20.287220851326534,1007.8924863936815,44.700751889647556,0,0,2,0,0,2,150,42,8,2,2,2
Wed Feb 18 16:24:26 2026,40.1012890625,160504,20.26171095446836,1007.8895332205598,44.72544487430066,0,0,2,0,0,2,150,42,8,2,2,2
Wed Feb 18 16:24:27 2026,40.0940625,161088,20.207755531299526,1007.8920794216469,44.70415478663395,0,0,0,0,0,0,168,46,4,0,0,0
Wed Feb 18 16:24:28 2026,40.0848828125,161088,20.207129730959174,1007.8878831181196,44.73924224678553,0,0,0,0,0,0,168,46,4,0,0,0
Wed Feb 18 16:24:29 2026,40.0567578125,160504,20.22659241732721,1007.8939772310705,44.68828626113748,0,0,0,0,0,0,168,46,4,0,0,0
Wed Feb 18 16:24:30 2026,40.0247265625,161088,20.304603698465023,1007.8865828852092,44.75011418940327,0,1,1,0,1,1,186,50,4,0,0,0
Wed Feb 18 16:24:31 2026,40.0161328125,160358,20.485962507094147,1007.8833357902363,44.777264936337595,0,1,1,0,1,1,186,50,4,0,0,0
Wed Feb 18 16:24:32 2026,40.0243359375,159491,20.58831204467805,1007.8823784221231,44.78527003119397,0,1,1,0,1,1,186,50,4,0,0,0
Wed Feb 18 16:24:33 2026,40.0270703125,161088,20.55099317987925,1007.8850342778519,44.76306293840248,0,0,0,0,0,0,198,54,4,0,0,0
Wed Feb 18 16:24:34 2026,40.020625,161530,20.507694026280912,1007.8870615927949,44.74611145798529,0,0,0,0,0,0,198,54,4,0,0,0
Wed Feb 18 16:24:35 2026,40.042890625,161088,20.375391980483503,1007.9214384525601,44.458672081177056,0,0,0,0,0,0,198,54,4,0,0,0
Wed Feb 18 16:24:36 2026,40.05109375,161235,20.29036423334041,1007.931191096422,44.37712757119612,0,0,0,0,0,0,228,64,4,0,0,0
Wed Feb 18 16:24:37 2026,40.063984375,161825,20.20036066779423,1007.9485567006645,44.23193060878515,0,0,0,0,0,0,228,64,4,0,0,0
Wed Feb 18 16:24:38 2026,40.0887890625,162122,20.10053706324989,1007.9620643822832,44.118991836705895,0,0,0,0,0,0,228,64,4,0,0,0
Wed Feb 18 16:24:39 2026,40.1008984375,161530,19.99457932619741,1007.9495967715873,44.22323445170915,0,0,0,0,0,0,222,62,6,0,0,0
Wed Feb 18 16:24:40 2026,40.08625,162569,19.972245068660406,1007.9240220465325,44.437069886518024,1,1,1,1,1,1,222,62,6,0,0,0
Wed Feb 18 16:24:41 2026,40.037421875,162420,19.942278683583005,1007.9196968177242,44.4732344313444,1,1,1,1,1,1,222,62,6,0,0,0
Wed Feb 18 16:24:42 2026,40.012421875,163319,19.945928441987846,1007.9147936582798,44.51423138078531,1,1,1,1,1,1,252,70,8,2,0,0
Wed Feb 18 16:24:43 2026,40.0051953125,161973,19.865459669117865,1007.9101963844608,44.55267086530678,1,1,1,1,1,1,252,70,8,2,0,0
Wed Feb 18 16:24:44 2026,40.0051953125,164688,19.68434091567788,1007.9030564872453,44.61237043362437,1,1,1,1,1,1,252,70,8,2,0,0
Wed Feb 18 16:24:45 2026,40.006953125,165304,19.514212513876313,1007.9041264940611,44.603423652065196,1,1,1,1,1,1,252,68,8,2,0,0
Wed Feb 18 16:24:46 2026,40.0020703125,164842,19.481993115279916,1007.8961959946361,44.66973410960903,1,1,1,1,1,1,252,68,8,2,0,0
Wed Feb 18 16:24:47 2026,39.951484375,164995,19.595630209691382,1007.9086323767118,44.56574813736238,0,0,0,0,0,0,252,68,8,2,0,0
Wed Feb 18 16:24:48 2026,39.8739453125,164688,19.63836182760721,1007.9111797083807,44.54444892313951,0,0,0,0,0,0,240,66,8,2,0,0
Wed Feb 18 16:24:49 2026,39.8266796875,164688,19.65118226084245,1007.9200543534488,44.47024496236441,0,0,0,0,0,0,240,66,8,2,0,0
Wed Feb 18 16:24:50 2026,39.811640625,165458,19.66614293345652,1007.9313112859662,44.37612263768231,0,0,0,0,0,0,240,66,8,2,0,0
Wed Feb 18 16:24:51 2026,39.810078125,163925,19.820411379171173,1007.9359106035485,44.33766671685423,0,0,0,0,0,0,249,75,8,2,0,0
Wed Feb 18 16:24:52 2026,39.812421875,163925,20.007114522761597,1007.9468561962057,44.24614874510654,0,0,0,0,0,0,249,75,8,2,0,0
Wed Feb 18 16:24:53 2026,39.8098828125,164842,20.033613294009047,1007.9462999992872,44.25079918323574,0,0,0,0,0,0,249,75,8,2,0,0
Wed Feb 18 16:24:54 2026,39.8145703125,165458,19.868656988379726,1007.9414243456173,44.291565276061874,1,1,1,1,1,1,237,71,10,2,0,0
Wed Feb 18 16:24:55 2026,39.8161328125,166706,19.709010235933516,1007.9457473181059,44.25542022786857,1,1,1,1,1,1,237,71,10,2,0,0
Wed Feb 18 16:24:56 2026,39.7915234375,165613,19.52124562309407,1007.9414539397196,44.29131783472416,1,1,1,1,1,1,237,71,10,2,0,0
Wed Feb 18 16:24:57 2026,39.7758984375,167179,19.4352169894381,1007.9303430429306,44.38421835191131,0,0,0,0,0,0,225,67,12,2,0,0
Wed Feb 18 16:24:58 2026,39.76046875,167179,19.349262635834442,1007.930254782559,44.38495631854474,0,0,0,0,0,0,225,67,12,2,0,0
Wed Feb 18 16:24:59 2026,39.7407421875,167337,19.26839287196234,1007.9285367705232,44.39932104925975,0,0,0,0,0,0,225,67,12,2,0,0
Wed Feb 18 16:25:00 2026,39.733515625,167495,19.193692717364534,1007.9150109487596,44.512414539282574,0,1,1,0,1,1,231,69,14,2,0,0
Wed Feb 18 16:25:01 2026,39.7106640625,168292,19.13391713887465,1007.9135660083415,44.524496196151375,0,2,2,0,2,2,231,69,14,2,0,0
Wed Feb 18 16:25:02 2026,39.6923046875,167495,19.143322533322483,1007.9158497190784,44.50540129101147,0,2,2,0,2,2,231,69,14,2,0,0
Wed Feb 18 16:25:03 2026,39.676875,167495,19.28013523201703,1007.9228922295816,44.44651661526556,0,2,2,0,2,2,225,67,14,2,0,0
Wed Feb 18 16:25:04 2026,39.6669140625,166863,19.438671067287615,1007.9084906757209,44.56693295481794,0,2,2,0,2,2,225,67,14,2,0,0
Wed Feb 18 16:25:05 2026,39.6721875,166236,19.460257059854925,1007.9045709873759,44.59970705688287,0,2,2,0,2,2,225,67,14,2,0,0
Wed Feb 18 16:25:06 2026,39.666328125,165924,19.512983431772952,1007.9253792196096,44.42572217828794,0,1,1,0,1,1,201,59,14,2,0,0
Wed Feb 18 16:25:07 2026,39.660859375,166392,19.565754642429077,1007.9307652445905,44.38068822093396,0,1,1,0,1,1,201,59,14,2,0,0
Wed Feb 18 16:25:08 2026,39.656171875,166236,19.61328062106373,1007.9427726730182,44.28029168659687,0,1,1,0,1,1,201,59,14,2,0,0
Wed Feb 18 16:25:09 2026,39.6544140625,168132,19.544073629715296,1007.9559725570908,44.16992590719317,0,1,1,0,1,1,207,61,14,2,0,0
Wed Feb 18 16:25:10 2026,39.6528515625,168132,19.480226148366974,1007.9355931814379,44.34032074939986,0,1,1,0,1,1,207,61,14,2,0,0
Wed Feb 18 16:25:11 2026,39.6505078125,167813,19.40043424718501,1007.9335686512333,44.357248285108675,0,1,1,0,1,1,207,61,14,2,0,0
Wed Feb 18 16:25:12 2026,39.6520703125,167813,19.368694754158245,1007.9271875573753,44.41060217361958,0,1,1,0,1,1,207,61,14,0,0,0
Wed Feb 18 16:25:13 2026,39.656953125,167813,19.379628036401694,1007.9172815989426,44.49342885994567,0,1,1,0,1,1,207,61,14,0,0,0
Wed Feb 18 16:25:14 2026,39.664765625,168452,19.380140235074602,1007.9121358958334,44.53645388543864,0,1,1,0,1,1,207,61,14,0,0,0
Wed Feb 18 16:25:15 2026,39.660078125,167179,19.374526093353275,1007.9116552719759,44.54047255888506,0,0,0,0,0,0,201,61,14,0,0,0
Wed Feb 18 16:25:16 2026,39.625703125,168774,19.38819272033543,1007.9164529302211,44.5003576372747,0,0,0,0,0,0,201,61,14,0,0,0
Wed Feb 18 16:25:17 2026,39.6106640625,169909,19.350065823846712,1007.9152051972104,44.510790360487924,0,0,0,0,0,0,201,61,14,0,0,0
Wed Feb 18 16:25:18 2026,39.613203125,167813,19.33431756175137,1007.9086277562602,44.56578677076469,0,0,0,0,0,0,195,59,14,0,0,0
Wed Feb 18 16:25:19 2026,39.617890625,167337,19.377067508631683,1007.914461138073,44.517011698852144,0,0,0,0,0,0,195,59,14,0,0,0
Wed Feb 18 16:25:20 2026,39.6157421875,169420,19.419383112581144,1007.932377013172,44.36721184200959,0,0,0,0,0,0,195,59,14,0,0,0
Wed Feb 18 16:25:21 2026,39.6008984375,167813,19.39187280142296,1007.9350134251146,44.345168214827005,0,0,0,0,0,0,156,46,14,0,0,0
Wed Feb 18 16:25:22 2026,39.6059765625,168132,19.38159286774611,1007.9575370938016,44.15684470976772,0,0,0,0,0,0,156,46,14,0,0,0
Wed Feb 18 16:25:23 2026,39.5815625,167654,19.342856634274426,1007.9499705303616,44.22010941177703,0,0,0,0,0,0,156,46,14,0,0,0
Wed Feb 18 16:25:24 2026,39.5696484375,167813,19.45351204128738,1007.9323921101391,44.367085612772016,0,0,0,0,0,0,162,48,10,0,0,0
Wed Feb 18 16:25:25 2026,39.5610546875,168132,19.500731716990796,1007.9273448316844,44.40928716131743,0,0,0,0,0,0,162,48,10,0,0,0
Wed Feb 18 16:25:26 2026,39.5528515625,168132,19.49488109008127,1007.9264996989479,44.41635354272418,0,0,0,0,0,0,162,48,10,0,0,0
Wed Feb 18 16:25:27 2026,39.5481640625,167654,19.494572318057443,1007.9278003830617,44.40547817609696,0,0,0,0,0,0,162,50,8,0,0,0
Wed Feb 18 16:25:28 2026,39.5415234375,168935,19.43043192735874,1007.9277104407854,44.40623020708257,0,0,0,0,0,0,162,50,8,0,0,0
Wed Feb 18 16:25:29 2026,39.5309765625,168935,19.35015531948812,1007.9159206624645,44.504808109082624,0,1,1,0,1,1,162,50,8,0,0,0
Wed Feb 18 16:25:30 2026,39.51671875,170072,19.280290614884052,1007.9141526145818,44.51959137262504,0,1,1,0,1,1,144,46,6,0,0,0
Wed Feb 18 16:25:31 2026,39.5079296875,170236,19.24791546920427,1007.9070028115037,44.57937357809943,0,1,1,0,1,1,144,46,6,0,0,0
Wed Feb 18 16:25:32 2026,39.5036328125,170400,19.263535510322214,1007.9000193132276,44.6377655777678,0,0,0,0,0,0,144,46,6,0,0,0
Wed Feb 18 16:25:33 2026,39.504609375,169420,19.290103127433568,1007.9123082429036,44.53501282835625,0,0,0,0,0,0,144,46,6,0,0,0
Wed Feb 18 16:25:34 2026,39.5001171875,168613,19.46486478588777,1007.9139253269419,44.52149180519271,0,0,0,0,0,0,144,46,6,0,0,0
Wed Feb 18 16:25:36 2026,39.499921875,168613,19.597620359726104,1007.9243095903529,44.43466565021605,0,1,1,0,1,1,144,46,6,0,0,0
Wed Feb 18 16:25:37 2026,39.4911328125,167495,19.77780843879648,1007.9296443047231,44.39006067499462,0,1,1,0,1,1,180,58,10,0,0,0
Wed Feb 18 16:25:38 2026,39.491328125,166863,20.00145819761161,1007.9317453451132,44.372493366209106,0,1,1,0,1,1,180,58,10,0,0,0
Wed Feb 18 16:25:39 2026,39.4973828125,167813,20.044506063030898,1007.941586193019,44.29021204239532,0,1,1,0,1,1,180,58,10,0,0,0
Wed Feb 18 16:25:40 2026,39.514375,167654,20.003010926315948,1007.9513675487011,44.208428789698075,0,0,0,0,0,0,180,58,8,0,0,0
Wed Feb 18 16:25:41 2026,39.51828125,167813,19.88607575806926,1007.9452307289343,44.259739504018754,0,0,0,0,0,0,180,58,8,0,0,0
Wed Feb 18 16:25:42 2026,39.5175,167813,19.795530389508023,1007.9403936409956,44.30018317692548,0,0,0,0,0,0,180,58,8,0,0,0
Wed Feb 18 16:25:43 2026,39.50578125,170400,19.65646848726692,1007.949885520647,44.22082018765836,0,1,1,0,1,1,270,85,10,2,0,0
Wed Feb 18 16:25:44 2026,39.4985546875,169420,19.533785047451396,1007.9417072602347,44.28919977891796,0,1,1,0,1,1,270,85,10,2,0,0
Wed Feb 18 16:25:45 2026,39.50265625,171225,19.438493519092766,1007.9305373847118,44.38259341276594,0,1,1,0,1,1,270,85,10,2,0,0
Wed Feb 18 16:25:46 2026,39.517109375,170400,19.375769682530894,1007.9201384640489,44.469541687231725,0,1,1,0,1,1,276,87,14,2,0,0
Wed Feb 18 16:25:47 2026,39.5284375,171059,19.312866352068685,1007.9117941399211,44.53931143259082,0,1,1,0,1,1,276,87,14,2,0,0
Wed Feb 18 16:25:48 2026,39.5262890625,170894,19.27561364844682,1007.9190045928523,44.479022344299366,0,1,1,0,1,1,276,87,14,2,0,0
Wed Feb 18 16:25:49 2026,39.5180859375,169258,19.29628406404897,1007.9110236318057,44.54575393781808,0,1,1,0,1,1,282,89,14,2,0,0
Wed Feb 18 16:25:50 2026,39.513984375,171059,19.301318156021438,1007.9150595531548,44.51200814102098,0,1,1,0,1,1,282,89,14,2,0,0
Wed Feb 18 16:25:51 2026,39.512421875,169583,19.348941342544165,1007.9107364492145,44.548155179408596,0,1,1,0,1,1,282,89,14,2,0,0
Wed Feb 18 16:25:52 2026,39.5196484375,169420,19.37593600347072,1007.906428386147,44.584176580486634,0,1,1,0,1,1,264,83,12,2,0,0
Wed Feb 18 16:25:53 2026,39.5208203125,170729,19.344187038500944,1007.9101166194298,44.55333781110278,0,1,1,0,1,1,264,83,12,2,0,0
Wed Feb 18 16:25:54 2026,39.5227734375,170400,19.365531237397214,1007.9115072165414,44.541710505327345,0,1,1,0,1,1,264,83,12,2,0,0
Wed Feb 18 16:25:55 2026,39.533125,170564,19.413959720732848,1007.8997915776138,44.639669777622935,0,1,1,0,1,1,264,83,14,2,0,0
